{
    "r2": 0.27928480828363555,
    "MAE": 0.5386329840018926,
    "MSE": 0.4666630866363459,
    "RMSE": 0.6831274307450594
}