{
    "r2": 0.2663616941973954,
    "MAE": 0.5639343349691311,
    "MSE": 0.4867644306606167,
    "RMSE": 0.697685051194747
}